color,x,y,z
YELLOW,-0.14445,-0.02228,0.80206
BLUE,-0.07523,-0.02745,0.79897
RED,-0.00516,-0.02365,0.80395
GREEN,0.05038,-0.02988,0.80303