color,x,y,z
RED,-0.21603,-0.04716,0.80100
RED,-0.14710,-0.20010,0.93300
RED,-0.02130,-0.02520,0.80800
RED,0.00558,0.10320,0.81998
RED,0.10774,-0.03445,0.80598