color,x,y,z
RED,-0.27581,-0.05323,0.80193
RED,-0.19223,-0.01048,0.78500
YELLOW,-0.12190,-0.02447,0.79802
YELLOW,-0.06958,-0.02287,0.79799
GREEN,0.01224,-0.03870,0.80002
GREEN,0.05624,-0.03937,0.80496
BLUE,0.13288,-0.05381,0.81406
BLUE,0.19807,-0.05435,0.81600