color,x,y,z
YELLOW,-0.06053,-0.12870,0.44100
BLUE,-0.03587,-0.12726,0.43903
GREEN,-0.00976,-0.12870,0.43902
RED,0.01733,-0.12973,0.44299
YELLOW,0.04323,-0.13061,0.43994
BLUE,0.06873,-0.13044,0.43700
GREEN,0.09571,-0.12996,0.43700
RED,0.12246,-0.13046,0.44000