color,x,y,z
YELLOW,-0.30125,-0.24612,0.94492
BLUE,-0.18420,-0.23978,0.95088
RED,0.16714,-0.24328,0.96471
GREEN,0.27355,-0.25975,0.96981