color,x,y,z
YELLOW,-0.29426,-0.13825,0.44100
BLUE,-0.26616,-0.13690,0.43700
RED,-0.23751,-0.13605,0.44100
GREEN,-0.21151,-0.13604,0.43900