color,x,y,z
BLUE,-0.23283,-0.13213,0.43499
BLUE,-0.15993,-0.12741,0.43890
BLUE,-0.08372,-0.12902,0.43699
BLUE,-0.00983,-0.12621,0.43698