color,x,y,z
YELLOW,-0.37422,-0.05063,0.79788
BLUE,-0.32251,-0.05004,0.79989
RED,0.17070,-0.05745,0.81494
GREEN,0.22625,-0.05950,0.81605