color,x,y,z
YELLOW,-0.18291,-0.19561,0.92999
BLUE,-0.10142,-0.18821,0.92702
RED,-0.03301,-0.19200,0.93102
GREEN,0.04469,-0.19293,0.93100