color,x,y,z
BLUE,-0.30735,-0.05660,0.80000
BLUE,-0.25376,-0.04771,0.79800
BLUE,-0.19626,-0.04327,0.79800
BLUE,-0.14325,-0.04530,0.80094