color,x,y,z
YELLOW,-0.31056,-0.29889,0.60700
BLUE,-0.22150,-0.30772,0.60994
RED,0.17734,-0.32571,0.62311
GREEN,0.26939,-0.31663,0.61611