color,x,y,z
YELLOW,0.50438,-1.30457,2.28051
BLUE,0.17035,-0.16648,1.02429
RED,0.19628,-0.18131,1.02969
GREEN,0.21643,-0.19571,1.03064