color,x,y,z
BLUE,-0.11969,0.07008,0.38694
YELLOW,-0.06352,0.07310,0.39491
RED,-0.00354,0.07290,0.38777
GREEN,0.05709,0.07237,0.38608