color,x,y,z
RED,-0.28164,-0.15223,0.44900
RED,-0.20287,-0.11513,0.42802
YELLOW,-0.13259,-0.11343,0.42997
YELLOW,-0.08207,-0.11522,0.43298
GREEN,0.03014,-0.12698,0.43500
GREEN,0.07544,-0.13026,0.43698
BLUE,0.15897,-0.15013,0.44903
BLUE,0.22912,-0.15181,0.44698