color,x,y,z
YELLOW,-0.09756,-0.13089,0.44093
BLUE,-0.07300,-0.12902,0.43694
RED,-0.04408,-0.12873,0.44396
GREEN,-0.01808,-0.12854,0.43790