color,x,y,z
YELLOW,-0.17945,-0.12829,0.43700
BLUE,-0.11340,-0.13128,0.43700
RED,-0.04929,-0.12892,0.44600
GREEN,0.01573,-0.13042,0.43700