color,x,y,z
YELLOW,-0.26823,-0.30058,0.60700
BLUE,-0.23752,-0.30734,0.60900
GREEN,-0.21103,-0.31309,0.61100
RED,-0.18611,-0.32150,0.61800
YELLOW,-0.16229,-0.32943,0.62403
BLUE,-0.13523,-0.33349,0.62395
GREEN,-0.11055,-0.34047,0.62794
RED,-0.08791,-0.34771,0.63392