color,x,y,z
YELLOW,-0.29296,-0.17617,1.01579
BLUE,-0.21561,-0.17287,1.01504
RED,0.08411,-0.17110,1.02690
GREEN,0.14932,-0.17444,1.02481