color,x,y,z
YELLOW,-0.09868,-0.03345,0.80100
BLUE,-0.07039,-0.03276,0.79800
RED,-0.04640,-0.03267,0.80300
GREEN,-0.02044,-0.03297,0.80000