color,x,y,z
YELLOW,-0.31963,-0.34182,1.10498
BLUE,-0.23144,-0.35612,1.10988
RED,0.25523,-0.43349,1.13807
GREEN,0.40480,-0.43066,1.13776