color,x,y,z
YELLOW,-0.29413,-0.35736,1.10692
BLUE,-0.26697,-0.37302,1.10695
GREEN,-0.24498,-0.38565,1.11092
RED,-0.22381,-0.40020,1.11562
YELLOW,-0.20261,-0.41666,1.12053
BLUE,-0.18088,-0.42975,1.12094
GREEN,-0.16123,-0.44333,1.12270
RED,-0.13965,-0.45993,1.13072