color,x,y,z
BLUE,-0.14371,0.12157,0.81800
YELLOW,-0.07426,0.12157,0.81800
RED,-0.00223,0.11399,0.80502
GREEN,0.06038,0.11237,0.80201