color,x,y,z
BLUE,-0.13695,0.06959,0.38797
YELLOW,-0.06770,0.07479,0.39096
RED,0.00313,0.07164,0.38999
GREEN,0.06762,0.07224,0.38400