color,x,y,z
YELLOW,-0.36565,-0.04730,0.79600
BLUE,-0.33920,-0.04670,0.79700
RED,-0.31334,-0.04600,0.80000
GREEN,-0.28204,-0.04751,0.79701