color,x,y,z
BLUE,-0.20766,0.06611,1.03194
YELLOW,-0.12085,0.06757,1.04896
RED,-0.03730,0.05926,1.03881
GREEN,0.07170,0.05726,1.03800