color,x,y,z
YELLOW,-0.12764,-0.32591,1.11083
BLUE,-0.02926,-0.32696,1.11083
RED,0.04759,-0.32699,1.11599
GREEN,0.12265,-0.33108,1.11588