color,x,y,z
YELLOW,-0.32112,-0.24019,0.94104
BLUE,-0.29562,-0.24322,0.94297
GREEN,-0.27053,-0.24934,0.94403
RED,-0.24553,-0.25633,0.95000
YELLOW,-0.21938,-0.26502,0.95387
BLUE,-0.19541,-0.27190,0.95699
GREEN,-0.16919,-0.27575,0.96189
RED,-0.14442,-0.28375,0.96594