color,x,y,z
YELLOW,0.17687,-0.01992,0.80382
BLUE,0.20357,-0.04220,0.80713
RED,0.22402,-0.05644,0.81568
GREEN,0.24396,-0.06374,0.82985