color,x,y,z
YELLOW,-0.12356,-0.17530,1.02284
BLUE,-0.09606,-0.17402,1.02178
RED,-0.06996,-0.17526,1.02208
GREEN,-0.04540,-0.17379,1.02114