color,x,y,z
YELLOW,-0.33918,-0.17566,1.01386
BLUE,-0.31222,-0.17437,1.01396
RED,-0.28507,-0.17461,1.01602
GREEN,-0.25800,-0.17523,1.01066