color,x,y,z
BLUE,-0.21661,0.05594,1.03201
YELLOW,-0.11741,0.05467,1.03995
RED,-0.02828,0.05594,1.03993
GREEN,0.06574,0.05616,1.03809