color,x,y,z
YELLOW,-0.14063,-0.17277,1.01900
BLUE,-0.11494,-0.17341,1.01701
GREEN,-0.09061,-0.17292,1.01801
RED,-0.06469,-0.17378,1.02200
YELLOW,-0.03850,-0.17337,1.02200
BLUE,-0.01159,-0.17227,1.01600
GREEN,0.01297,-0.17254,1.01801
RED,0.03954,-0.17150,1.02201