color,x,y,z
RED,-0.34595,-0.19034,1.01867
RED,-0.28711,-0.14391,1.01686
YELLOW,-0.20590,-0.14517,1.01294
YELLOW,-0.15144,-0.14419,1.01394
GREEN,-0.07482,-0.16792,1.02091
GREEN,-0.02402,-0.16592,1.01801
BLUE,0.09040,-0.19439,1.02883
BLUE,0.15749,-0.19826,1.03182