color,x,y,z
YELLOW,-0.21774,-0.16960,1.01513
BLUE,-0.14892,-0.16869,1.01505
RED,-0.06182,-0.17577,1.02077
GREEN,0.01891,-0.17752,1.02003