color,x,y,z
YELLOW,-0.18143,-0.13225,0.43900
BLUE,-0.11206,-0.12982,0.43595
RED,-0.04733,-0.13075,0.44094
GREEN,0.02462,-0.12784,0.43795