color,x,y,z
YELLOW,-0.16882,-0.27622,0.59297
BLUE,-0.09735,-0.27099,0.58797
RED,-0.01577,-0.26573,0.58797
GREEN,0.05624,-0.26315,0.58389