color,x,y,z
YELLOW,0.18514,-0.10977,0.42800
BLUE,0.21695,-0.12356,0.43300
RED,0.24285,-0.13263,0.44800