color,x,y,z
YELLOW,-0.12977,-0.00068,0.78800
BLUE,-0.10624,0.00141,0.79000
GREEN,-0.07864,-0.00005,0.78500
RED,-0.05020,-0.00077,0.79198
YELLOW,-0.02455,-0.00374,0.79202
BLUE,0.00030,-0.00575,0.79096
GREEN,0.02670,-0.00593,0.78900
RED,0.05533,-0.00387,0.80101