color,x,y,z
RED,-0.17587,-0.27774,0.59400
RED,-0.15920,-0.13169,0.43800
RED,-0.01538,-0.13310,0.44200
RED,-0.01367,0.05615,0.40097
RED,0.14602,-0.13453,0.44004