color,x,y,z
YELLOW,-0.24854,-0.02557,0.79296
BLUE,-0.17298,-0.03175,0.79400
RED,-0.07946,-0.03590,0.79998
GREEN,-0.00022,-0.03653,0.80107