color,x,y,z
BLUE,-0.19969,-0.17486,1.01471
BLUE,-0.11560,-0.18025,1.01968
BLUE,-0.00526,-0.17899,1.02463
BLUE,0.09020,-0.16621,1.02370