color,x,y,z
YELLOW,-0.24264,-0.17713,1.01800
BLUE,-0.17235,-0.17363,1.01690
RED,-0.10205,-0.17702,1.02398
GREEN,-0.01730,-0.18014,1.02092