color,x,y,z
RED,-0.22572,-0.16329,1.01270
RED,-0.18630,-0.33550,1.11327
RED,-0.03287,-0.17134,1.02292
RED,0.04132,0.01186,1.05007
RED,0.11268,-0.18442,1.02976