color,x,y,z
YELLOW,-0.29776,-0.13967,0.44200
BLUE,-0.24263,-0.13893,0.43881
RED,0.21195,-0.12909,0.44004
