color,x,y,z
BLUE,-0.12964,0.11895,0.79682
YELLOW,-0.06000,0.12030,0.80106
RED,-0.00360,0.11845,0.80405
GREEN,0.05577,0.11465,0.80100